{"epoch":19,"epoch_step":19,"inference_train_epoch_time":4.0456788539886475,"rep0_ValHits@50":56.96524865188736,"train_epoch_time":16.462847471237183,"learning_curve":{"size":26918,"path":"media/images/learning_curve_160_a5018a5f521868444716.png","format":"png","width":800,"height":500,"_type":"image-file","sha256":"a5018a5f52186844471690696ff2a939c8a0bd9c42eefcd81d2051c4db4f241a"},"_timestamp":1.76683087421199e+09,"rep0_val_loss":0.19004279345140676,"train_batch_time":0.07931282165202688,"rep0_tmp_valHits@50":56.96524865188736,"rep0_TestHits@50":48.33041939174167,"train_total_batches":47,"rep0_best_epoch":19,"rep0_loss":0.0004236050371636604,"rep0_epoch_time":21.5405056476593,"_step":160,"rep0_tmp_testHits@50":48.33041939174167,"rep0_TrainHits@50":98.09787863469974,"rep0_train_loss":0.0004236050371636604,"inference_val_epoch_time":0.2700841426849365,"inference_test_epoch_time":0.2648501396179199,"_wandb":{"runtime":442},"_runtime":442}