{"inference_train_epoch_time":4.112940311431885,"inference_test_epoch_time":0.245086669921875,"rep0_epoch_time":21.511173486709595,"rep0_loss":0.03353274380159896,"_step":160,"rep0_val_loss":0.42780875918861244,"epoch_step":19,"rep0_TrainHits@50":27.895801033372575,"train_total_batches":47,"rep0_tmp_testHits@50":20.14936648751322,"train_epoch_time":16.40706515312195,"rep0_train_loss":0.03353274380159896,"epoch":19,"rep0_ValHits@50":26.29984688103322,"_timestamp":1.766823171615072e+09,"rep0_tmp_valHits@50":22.450236335796554,"_runtime":449,"train_batch_time":0.08481443689224567,"rep0_TestHits@50":23.868419348572168,"rep0_best_epoch":15,"learning_curve":{"height":500,"_type":"image-file","sha256":"3de1f5f0bf81a8ed344133b45ff43445763968ab42f8802cc16083135f77f842","size":33207,"path":"media/images/learning_curve_160_3de1f5f0bf81a8ed3441.png","format":"png","width":800},"_wandb":{"runtime":449},"inference_val_epoch_time":0.2501668930053711}