{"rep0_tmp_valHits@50":22.06244590906065,"rep0_TrainHits@50":26.661843582810597,"_runtime":101,"rep0_val_loss":0.2758299148966876,"epoch":3,"_wandb":{"runtime":101},"rep0_tmp_testHits@50":19.2320145049537,"train_total_batches":47,"rep0_best_epoch":3,"epoch_step":3,"_timestamp":1.7668232819975932e+09,"rep0_TestHits@50":19.2320145049537,"inference_val_epoch_time":0.2556319236755371,"rep0_epoch_time":22.13074803352356,"_step":32,"train_epoch_time":16.895941734313965,"inference_test_epoch_time":0.24854278564453125,"rep0_loss":0.14638110565066584,"rep0_ValHits@50":22.06244590906065,"train_batch_time":0.09034767556697765,"rep0_train_loss":0.14638110565066584,"inference_train_epoch_time":4.230896472930908}