{"rep0_val_loss":0.43014706783231227,"rep0_TestHits@50":48.05845150985344,"rep0_loss":0.0016709016849937761,"rep0_train_loss":0.0016709016849937761,"rep0_ValHits@50":57.04513680846814,"inference_train_epoch_time":4.22148060798645,"epoch":19,"inference_test_epoch_time":0.2873377799987793,"rep0_epoch_time":26.169683694839478,"rep0_tmp_valHits@50":56.123094334598235,"_timestamp":1.7668188159709823e+09,"_runtime":535,"epoch_step":19,"rep0_tmp_testHits@50":47.42385978544756,"rep0_TrainHits@50":98.5395894328664,"train_epoch_time":20.78655242919922,"_step":160,"_wandb":{"runtime":535},"train_batch_time":0.13162097525089345,"learning_curve":{"path":"media/images/learning_curve_160_ed74be9eb19cbab8acd8.png","format":"png","width":800,"height":500,"_type":"image-file","sha256":"ed74be9eb19cbab8acd8c37a4e21e7c43b1136f8c3137bed579456fb299d520d","size":30886},"inference_val_epoch_time":0.29174280166625977,"train_total_batches":47,"rep0_best_epoch":16}