{"rep0_val_loss":0.12421517033635467,"train_batch_time":0.07852817023241962,"rep0_ValHits@50":53.69982025164769,"train_epoch_time":23.30137300491333,"rep0_loss":0.00044243542376553083,"_timestamp":1.7668173513492808e+09,"_runtime":636,"learning_curve":{"height":500,"_type":"image-file","sha256":"14ce47cad40c1dac74c7ff2f7fb6b1d3ac0eb58bf638068187f2a59b9bd1f925","size":26804,"path":"media/images/learning_curve_160_14ce47cad40c1dac74c7.png","format":"png","width":800},"rep0_best_epoch":13,"inference_train_epoch_time":6.881408929824829,"rep0_TrainHits@50":94.860956090147,"epoch":19,"rep0_tmp_testHits@50":43.566664508191415,"_step":160,"inference_val_epoch_time":0.3615713119506836,"rep0_tmp_valHits@50":52.859330270954,"train_total_batches":54,"inference_test_epoch_time":0.35575366020202637,"rep0_train_loss":0.00044243542376553083,"rep0_TestHits@50":44.91571154136717,"epoch_step":19,"_wandb":{"runtime":636},"rep0_epoch_time":31.53023362159729}