{"epoch":19,"rep0_TrainHits@50":93.12006595128967,"rep0_tmp_valHits@50":56.62738832301445,"rep0_TestHits@50":57.793174901249756,"rep0_loss":0.0016828072395219226,"_timestamp":1.7668304303065681e+09,"train_batch_time":0.05958955338660707,"inference_train_epoch_time":3.960803747177124,"rep0_val_loss":0.08849215856011532,"rep0_tmp_testHits@50":56.39448293725312,"rep0_best_epoch":18,"epoch_step":19,"inference_val_epoch_time":0.24929308891296387,"_wandb":{"runtime":414},"rep0_epoch_time":20.370062351226807,"rep0_ValHits@50":57.39298315691366,"train_epoch_time":15.410873174667358,"_runtime":414,"inference_test_epoch_time":0.24488544464111328,"train_total_batches":47,"learning_curve":{"format":"png","width":800,"height":500,"_type":"image-file","sha256":"ee3c81c1447d52c9cc49653c5f936177f330253a14be53761dec981c0453156c","size":38413,"path":"media/images/learning_curve_160_ee3c81c1447d52c9cc49.png"},"rep0_train_loss":0.0016828072395219226,"_step":160}