{"epoch_step":19,"learning_curve":{"path":"media/images/learning_curve_160_a1bcc12b30d8c6adcd1f.png","format":"png","width":800,"height":500,"_type":"image-file","sha256":"a1bcc12b30d8c6adcd1fb82075e7643bc5ccd5bf6799615ff13d1bd0820843d0","size":32637},"rep0_val_loss":0.558517840720488,"_timestamp":1.766819709576031e+09,"train_total_batches":47,"_runtime":438,"epoch":19,"rep0_TrainHits@50":99.12980937227536,"rep0_tmp_testHits@50":46.569103585227396,"train_batch_time":0.07878588108306235,"inference_val_epoch_time":0.2702977657318115,"rep0_ValHits@50":56.21796152053792,"rep0_loss":0.002874430227899242,"rep0_TestHits@50":46.96626303179434,"rep0_epoch_time":21.49090552330017,"_wandb":{"runtime":438},"rep0_train_loss":0.002874430227899242,"rep0_tmp_valHits@50":55.74861860062579,"train_epoch_time":16.421024560928345,"inference_train_epoch_time":4.033574342727661,"rep0_best_epoch":16,"inference_test_epoch_time":0.2658693790435791,"_step":160}