{"_timestamp":1.7668192613218675e+09,"epoch_step":19,"rep0_tmp_valHits@50":55.74861860062579,"rep0_best_epoch":16,"rep0_TestHits@50":46.96626303179434,"_wandb":{"runtime":438},"rep0_TrainHits@50":99.12980937227536,"rep0_ValHits@50":56.21796152053792,"epoch":19,"rep0_tmp_testHits@50":46.569103585227396,"rep0_epoch_time":21.27867603302002,"train_total_batches":47,"rep0_train_loss":0.002874430227899242,"train_epoch_time":16.217186212539673,"_step":160,"inference_test_epoch_time":0.2685396671295166,"inference_val_epoch_time":0.27158141136169434,"rep0_loss":0.002874430227899242,"learning_curve":{"path":"media/images/learning_curve_160_a1bcc12b30d8c6adcd1f.png","format":"png","width":800,"height":500,"_type":"image-file","sha256":"a1bcc12b30d8c6adcd1fb82075e7643bc5ccd5bf6799615ff13d1bd0820843d0","size":32637},"_runtime":438,"rep0_val_loss":0.558517840720488,"train_batch_time":0.07884293414176778,"inference_train_epoch_time":4.028176307678223}