{"inference_val_epoch_time":0.26897287368774414,"train_total_batches":47,"epoch":12,"_runtime":291,"rep0_ValHits@50":47.03914519672458,"_step":104,"train_epoch_time":16.336913108825684,"_wandb":{"runtime":291},"rep0_TrainHits@50":81.33899098597857,"rep0_tmp_valHits@50":47.03914519672458,"rep0_best_epoch":12,"inference_train_epoch_time":4.125030517578125,"train_batch_time":0.07869127963451629,"rep0_train_loss":0.02237052575049262,"inference_test_epoch_time":0.26238059997558594,"rep0_TestHits@50":39.10509616007252,"rep0_loss":0.02237052575049262,"rep0_val_loss":0.3672423373567771,"rep0_epoch_time":21.491071701049805,"_timestamp":1.7668241130533414e+09,"rep0_tmp_testHits@50":39.10509616007252,"epoch_step":12}