{"inference_test_epoch_time":0.2882869243621826,"rep0_TrainHits@50":96.7730854958051,"_wandb":{"runtime":544},"rep0_best_epoch":18,"rep0_loss":0.00028397075401840943,"_timestamp":1.7668299896299508e+09,"rep0_tmp_valHits@50":55.9000732308102,"rep0_val_loss":0.11445318112287924,"inference_val_epoch_time":0.29313135147094727,"rep0_train_loss":0.00028397075401840943,"train_batch_time":0.13213153595620014,"inference_train_epoch_time":4.1965038776397705,"_step":160,"_runtime":544,"rep0_tmp_testHits@50":47.63323188499644,"train_total_batches":47,"learning_curve":{"sha256":"65ad932fa46fa7e48f6c71e19de0b43a4ba763fbb61db8f673c5363aa2932188","size":35200,"path":"media/images/learning_curve_160_65ad932fa46fa7e48f6c.png","format":"png","width":800,"height":500,"_type":"image-file"},"epoch_step":19,"epoch":19,"rep0_epoch_time":26.02138113975525,"rep0_ValHits@50":57.05012981825445,"train_epoch_time":20.66672658920288,"rep0_TestHits@50":48.67145848172851}