{"train_total_batches":47,"rep0_epoch_time":20.31874656677246,"inference_train_epoch_time":3.9690141677856445,"rep0_best_epoch":6,"train_epoch_time":15.43378210067749,"_step":56,"rep0_tmp_testHits@50":33.77797923546807,"_wandb":{"runtime":150},"rep0_loss":0.04829211888957462,"rep0_tmp_valHits@50":35.901404700086545,"rep0_val_loss":0.33148611522796784,"rep0_train_loss":0.04829211888957462,"inference_test_epoch_time":0.24383902549743652,"_runtime":150,"epoch":6,"inference_val_epoch_time":0.2473771572113037,"rep0_TrainHits@50":62.344663339700034,"train_batch_time":0.06071196718418852,"epoch_step":6,"rep0_ValHits@50":35.901404700086545,"_timestamp":1.7668270584020996e+09,"rep0_TestHits@50":33.77797923546807}