{"rep0_val_loss":NaN,"epoch":4,"rep0_loss":0.003956475855143366,"rep0_ValHits@50":40.58817655282604,"_wandb":{"runtime":110},"epoch_step":3,"train_batch_time":0.07842350668377346,"inference_train_epoch_time":4.806216478347778,"_runtime":110,"inference_val_epoch_time":0.3654823303222656,"rep0_tmp_testHits@50":33.275054501500136,"rep0_train_loss":0.002587778360725413,"_step":37,"train_total_batches":36,"rep0_TestHits@50":33.275054501500136,"rep0_best_epoch":3,"rep0_epoch_time":21.5153546333313,"rep0_tmp_valHits@50":40.58817655282604,"_timestamp":1.7668112399942048e+09,"inference_test_epoch_time":0.353961706161499,"train_epoch_time":15.41540789604187,"rep0_TrainHits@50":72.61715344191775}