{"_step":160,"rep0_loss":0.02849114455204507,"_timestamp":1.7668247442495024e+09,"rep0_TestHits@50":34.98456690194047,"epoch":19,"rep0_tmp_testHits@50":34.98456690194047,"train_total_batches":47,"inference_test_epoch_time":0.2652926445007324,"rep0_epoch_time":21.605895042419434,"epoch_step":19,"inference_val_epoch_time":0.2700977325439453,"rep0_ValHits@50":42.01451301511218,"rep0_train_loss":0.02849114455204507,"_runtime":442,"_wandb":{"runtime":442},"rep0_val_loss":0.35641370831554353,"train_batch_time":0.07877007443854149,"rep0_TrainHits@50":68.85625061490079,"rep0_best_epoch":19,"inference_train_epoch_time":4.0789055824279785,"learning_curve":{"format":"png","width":800,"height":500,"_type":"image-file","sha256":"7422467f6f30d865d69756d1e4cbffd9a73844152b604afcc2151603a7adce02","size":35230,"path":"media/images/learning_curve_160_7422467f6f30d865d697.png"},"rep0_tmp_valHits@50":42.01451301511218,"train_epoch_time":16.48910641670227}