{"_timestamp":1.76683291740498e+09,"rep0_loss":0.0007946429650232585,"rep0_val_loss":0.21504545074773243,"rep0_epoch_time":19.824257850646973,"_runtime":406,"_wandb":{"runtime":406},"_step":160,"rep0_TestHits@50":59.65162209415269,"inference_val_epoch_time":0.2438523769378662,"rep0_train_loss":0.0007946429650232585,"rep0_ValHits@50":59.86951601091805,"learning_curve":{"height":500,"_type":"image-file","sha256":"d2efb9a333f8a36e14f08f9aac379c9540a0ea4455edf863aa5fc438b7690941","size":35548,"path":"media/images/learning_curve_160_d2efb9a333f8a36e14f0.png","format":"png","width":800},"epoch":19,"rep0_best_epoch":15,"inference_train_epoch_time":3.861137628555298,"rep0_TrainHits@50":97.27484453611885,"inference_test_epoch_time":0.23924779891967773,"rep0_tmp_testHits@50":57.17369250361545,"train_total_batches":47,"train_epoch_time":14.988458633422852,"train_batch_time":0.05574414070616377,"rep0_tmp_valHits@50":57.564409826243256,"epoch_step":19}