{"_runtime":442,"rep0_ValHits@50":56.45263298049398,"learning_curve":{"format":"png","width":800,"height":500,"_type":"image-file","sha256":"7b0ef5d0c67cb6142f55678820c536667a406e1fc42f4cef430c81fa5b1d11d5","size":31937,"path":"media/images/learning_curve_160_7b0ef5d0c67cb6142f55.png"},"rep0_TestHits@50":47.13246562628159,"rep0_TrainHits@50":98.93159928484918,"rep0_epoch_time":21.564448595046997,"rep0_train_loss":0.002767565167967325,"rep0_loss":0.002767565167967325,"rep0_tmp_valHits@50":56.21962585713335,"train_total_batches":47,"rep0_val_loss":0.5736529838939045,"epoch_step":19,"_timestamp":1.7668201548961277e+09,"_wandb":{"runtime":442},"inference_train_epoch_time":4.092633247375488,"inference_test_epoch_time":0.2660949230194092,"rep0_best_epoch":16,"train_batch_time":0.07880073912600254,"epoch":19,"inference_val_epoch_time":0.2726304531097412,"rep0_tmp_testHits@50":47.119514774763104,"_step":160,"train_epoch_time":16.42243528366089}