{"_step":107,"train_epoch_time":15.541345119476318,"inference_train_epoch_time":3.997345209121704,"_runtime":287,"_timestamp":1.7668259378904226e+09,"epoch":13,"rep0_epoch_time":20.502007961273193,"rep0_train_loss":0.09925066310785423,"rep0_tmp_testHits@50":21.122838826652853,"inference_val_epoch_time":0.2510654926300049,"epoch_step":12,"_wandb":{"runtime":287},"rep0_TestHits@50":21.122838826652853,"rep0_best_epoch":12,"rep0_TrainHits@50":37.43753456166479,"train_total_batches":47,"train_batch_time":0.06064782751367447,"rep0_ValHits@50":24.795286598761734,"rep0_tmp_valHits@50":24.795286598761734,"rep0_loss":0.10338647646553557,"inference_test_epoch_time":0.24525022506713867,"rep0_val_loss":0.2378111281712276}