{"_timestamp":1.7668182794590445e+09,"train_batch_time":0.05573245312305207,"rep0_train_loss":0.013271547130328375,"rep0_TestHits@50":31.1878089317706,"_step":160,"inference_train_epoch_time":3.778884172439575,"rep0_epoch_time":19.648226737976074,"rep0_TrainHits@50":47.09902531864583,"inference_val_epoch_time":0.2377617359161377,"_runtime":404,"train_total_batches":47,"epoch":19,"rep0_val_loss":0.062001201810455764,"rep0_best_epoch":19,"learning_curve":{"format":"png","width":800,"height":500,"_type":"image-file","sha256":"c8fd94b0499ad9866f41f60016d95b8189dfdc48cba6c3ca1f2912baea2659d9","size":33041,"path":"media/images/learning_curve_160_c8fd94b0499ad9866f41.png"},"rep0_tmp_valHits@50":32.19326276546169,"_wandb":{"runtime":404},"rep0_loss":0.013271547130328375,"epoch_step":19,"rep0_ValHits@50":32.19326276546169,"rep0_tmp_testHits@50":31.1878089317706,"inference_test_epoch_time":0.23485946655273438,"train_epoch_time":14.921175956726074}