{"rep0_tmp_valHits@50":40.66473603621596,"rep0_val_loss":0.11048584258889083,"_runtime":364,"rep0_best_epoch":15,"_timestamp":1.7668131202056475e+09,"_step":160,"train_total_batches":44,"inference_val_epoch_time":0.22218942642211914,"rep0_train_loss":0.0006228461322227801,"_wandb":{"runtime":364},"rep0_tmp_testHits@50":36.342247836128564,"train_epoch_time":13.489863157272339,"rep0_loss":0.0006228461322227801,"rep0_ValHits@50":42.70521270221689,"learning_curve":{"height":500,"_type":"image-file","sha256":"bba64c1d16be9416e00c2f102d43c77d970f98873ab656bdaa4435f96d49cf80","size":30960,"path":"media/images/learning_curve_160_bba64c1d16be9416e00c.png","format":"png","width":800},"epoch":19,"epoch_step":19,"rep0_TrainHits@50":59.60438991625637,"rep0_epoch_time":18.103025436401367,"train_batch_time":0.07622990283099088,"inference_train_epoch_time":3.746748685836792,"rep0_TestHits@50":38.19421960327225,"inference_test_epoch_time":0.21724987030029297}