{"rep0_best_epoch":19,"_step":160,"train_total_batches":47,"_wandb":{"runtime":418},"inference_val_epoch_time":0.2516505718231201,"rep0_TestHits@50":48.73837121457402,"inference_train_epoch_time":3.9657206535339355,"inference_test_epoch_time":0.24544286727905273,"rep0_val_loss":0.07592919845011056,"_timestamp":1.7668281960733812e+09,"rep0_tmp_valHits@50":51.0119166500233,"rep0_TrainHits@50":89.21141730814247,"_runtime":418,"rep0_epoch_time":20.48604941368103,"train_batch_time":0.06141047274812739,"rep0_ValHits@50":51.0119166500233,"rep0_tmp_testHits@50":48.73837121457402,"train_epoch_time":15.518065929412842,"rep0_train_loss":0.0019620022379187633,"rep0_loss":0.0019620022379187633,"epoch_step":19,"learning_curve":{"height":500,"_type":"image-file","sha256":"eda72968c21c4b3e1131771f8dbfa8d284bee3b4126da96888eabfba7ac7e95e","size":35066,"path":"media/images/learning_curve_160_eda72968c21c4b3e1131.png","format":"png","width":800},"epoch":19}