{"rep0_TrainHits@50":34.929502685208114,"rep0_tmp_testHits@50":20.423492844654536,"_timestamp":1.7668273176435058e+09,"epoch_step":9,"train_batch_time":0.06137817971249844,"train_epoch_time":15.465719938278198,"_wandb":{"runtime":215},"rep0_val_loss":0.08682738925345444,"rep0_loss":0.02981611426154565,"inference_val_epoch_time":0.24866986274719238,"_runtime":215,"rep0_epoch_time":20.46315097808838,"train_total_batches":47,"rep0_tmp_valHits@50":22.69322947872978,"inference_train_epoch_time":3.9988105297088623,"_step":80,"inference_test_epoch_time":0.244551420211792,"rep0_best_epoch":9,"epoch":9,"rep0_TestHits@50":20.423492844654536,"rep0_ValHits@50":22.69322947872978,"rep0_train_loss":0.02981611426154565}