{"_timestamp":1.7668289691272495e+09,"train_batch_time":0.0613600751186939,"rep0_best_epoch":13,"_step":128,"_wandb":{"runtime":339},"train_total_batches":47,"train_epoch_time":15.620328187942505,"inference_train_epoch_time":3.9894847869873047,"rep0_epoch_time":20.604250192642212,"inference_test_epoch_time":0.2446610927581787,"_runtime":339,"rep0_tmp_testHits@50":58.762330289883224,"rep0_tmp_valHits@50":58.614606217961516,"rep0_TestHits@50":59.392605063782945,"rep0_train_loss":0.0008772139633795559,"rep0_TrainHits@50":96.31526005638428,"rep0_loss":0.0008772139633795559,"rep0_val_loss":0.1187577449573349,"rep0_ValHits@50":59.62985154117568,"epoch":15,"inference_val_epoch_time":0.2478790283203125,"epoch_step":15}