{"train_batch_time":0.06079126418905055,"rep0_loss":0.0036673859316878575,"rep0_TestHits@50":60.331541798873275,"epoch_step":19,"_runtime":416,"inference_train_epoch_time":3.9625940322875977,"rep0_tmp_testHits@50":60.432990135768094,"train_epoch_time":15.509449005126953,"train_total_batches":47,"inference_test_epoch_time":0.2429053783416748,"inference_val_epoch_time":0.24831008911132812,"rep0_ValHits@50":60.62845349843552,"rep0_epoch_time":20.463010549545288,"rep0_best_epoch":14,"rep0_train_loss":0.0036673859316878575,"rep0_tmp_valHits@50":60.52360029292324,"learning_curve":{"format":"png","width":800,"height":500,"_type":"image-file","sha256":"d58152dfcad490af891f473bab4b29c9f2ced271ea597c98aecd6a714f1a5040","size":31850,"path":"media/images/learning_curve_160_d58152dfcad490af891f.png"},"_timestamp":1.7668264200896673e+09,"rep0_TrainHits@50":99.90857061435797,"_step":160,"rep0_val_loss":0.8415883266239401,"_wandb":{"runtime":416},"epoch":19}