{"rep0_TestHits@50":46.76768330851087,"rep0_best_epoch":19,"inference_test_epoch_time":0.3552217483520508,"train_epoch_time":23.339919328689575,"rep0_tmp_testHits@50":46.76768330851087,"_timestamp":1.7668122817718196e+09,"train_batch_time":0.07862241621370669,"train_total_batches":54,"inference_train_epoch_time":7.020164489746094,"learning_curve":{"path":"media/images/learning_curve_160_2eeb5c3e6c9dfa01c249.png","format":"png","width":800,"height":500,"_type":"image-file","sha256":"2eeb5c3e6c9dfa01c2496591d1e295d6c5b06072a8cf56662af0ab9e16b160fa","size":25067},"rep0_val_loss":0.12467997758208191,"rep0_loss":0.0004648868330012549,"_wandb":{"runtime":651},"epoch_step":19,"epoch":19,"rep0_TrainHits@50":97.31156895539806,"_step":160,"rep0_ValHits@50":55.98495439717729,"rep0_epoch_time":31.73550796508789,"_runtime":651,"inference_val_epoch_time":0.36553263664245605,"rep0_tmp_valHits@50":55.98495439717729,"rep0_train_loss":0.0004648868330012549}