{"_step":160,"rep0_epoch_time":24.85213828086853,"train_epoch_time":19.57335114479065,"rep0_best_epoch":18,"inference_train_epoch_time":4.131356716156006,"epoch":19,"learning_curve":{"width":800,"height":500,"_type":"image-file","sha256":"9764e0435012f6bcc4272bbb8b0149f8c6574a35aae7e4ea9c3807f9f60cfdf3","size":26516,"path":"media/images/learning_curve_160_9764e0435012f6bcc427.png","format":"png"},"rep0_tmp_testHits@50":45.89781778151914,"rep0_tmp_valHits@50":54.465415085546894,"_wandb":{"runtime":511},"train_total_batches":47,"train_batch_time":0.11663699150085449,"inference_val_epoch_time":0.2989516258239746,"epoch_step":19,"rep0_val_loss":0.15009870062357888,"rep0_train_loss":0.00034758371310143976,"rep0_TestHits@50":45.70787195924799,"rep0_TrainHits@50":93.41903495350502,"_timestamp":1.766832497748592e+09,"rep0_loss":0.00034758371310143976,"_runtime":511,"inference_test_epoch_time":0.2930004596710205,"rep0_ValHits@50":54.53864589574595}