{"rep0_train_loss":0.008233328415943663,"_runtime":534,"inference_test_epoch_time":0.28791069984436035,"inference_train_epoch_time":4.204039096832275,"learning_curve":{"format":"png","width":800,"height":500,"_type":"image-file","sha256":"3976542182668f8e43d5417202d26f52fa7825990784d2416eabb08b2580ae23","size":31887,"path":"media/images/learning_curve_160_3976542182668f8e43d5.png"},"inference_val_epoch_time":0.29286789894104004,"epoch_step":19,"rep0_TestHits@50":43.655161993567745,"rep0_ValHits@50":52.14033686172691,"epoch":19,"_step":160,"_timestamp":1.766825550855456e+09,"rep0_val_loss":0.32346746477498034,"rep0_best_epoch":19,"_wandb":{"runtime":534},"rep0_tmp_testHits@50":43.655161993567745,"train_total_batches":47,"train_epoch_time":20.929603815078735,"rep0_loss":0.008233328415943663,"rep0_TrainHits@50":89.1086228597212,"rep0_tmp_valHits@50":52.14033686172691,"train_batch_time":0.13145612148528404,"rep0_epoch_time":26.302013158798218}