{"_wandb":{"runtime":442},"train_total_batches":36,"_timestamp":1.766811109206365e+09,"train_epoch_time":15.58342432975769,"inference_train_epoch_time":4.6619603633880615,"rep0_tmp_valHits@50":52.39165168763731,"rep0_epoch_time":21.584331274032593,"rep0_tmp_testHits@50":43.31843985408707,"_runtime":442,"rep0_train_loss":0.0011112777303284908,"rep0_val_loss":NaN,"epoch_step":19,"rep0_TestHits@50":44.5336614215718,"inference_test_epoch_time":0.35266852378845215,"epoch":19,"rep0_TrainHits@50":92.60948626523682,"learning_curve":{"_type":"image-file","sha256":"f1076540f11ec6a401e8b7fed311043fc3ca1b2f363c2c6dae8df6959fb372d2","size":28596,"path":"media/images/learning_curve_160_f1076540f11ec6a401e8.png","format":"png","width":800,"height":500},"rep0_loss":0.0011112777303284908,"rep0_ValHits@50":53.54670128486785,"inference_val_epoch_time":0.36209750175476074,"rep0_best_epoch":16,"_step":160,"train_batch_time":0.07844107018576728}