{"_wandb":{"runtime":364},"rep0_loss":0.001122411691992012,"rep0_best_epoch":12,"rep0_val_loss":0.08765904491938607,"_step":160,"rep0_epoch_time":18.093883275985718,"train_total_batches":44,"epoch":19,"epoch_step":19,"train_batch_time":0.0761468843980269,"rep0_train_loss":0.001122411691992012,"rep0_tmp_testHits@50":35.57167217077856,"train_epoch_time":13.460397243499756,"rep0_ValHits@50":42.26416350442714,"_runtime":364,"inference_train_epoch_time":3.765634059906006,"rep0_TrainHits@50":56.822918271393455,"_timestamp":1.766816718283667e+09,"learning_curve":{"format":"png","width":800,"height":500,"_type":"image-file","sha256":"6f8d74d9645f8a3b9e00e960be2f6bdd80a62e2ad4c927a89a20601f223fbc1f","size":32051,"path":"media/images/learning_curve_160_6f8d74d9645f8a3b9e00.png"},"inference_test_epoch_time":0.21527862548828125,"rep0_tmp_valHits@50":39.66779841555156,"inference_val_epoch_time":0.22100329399108887,"rep0_TestHits@50":36.41347751948024}