{"rep0_ValHits@50":55.99161174355902,"_runtime":506,"rep0_loss":0.0001804714895621852,"epoch":19,"epoch_step":19,"rep0_tmp_valHits@50":55.99161174355902,"_timestamp":1.7668178643283439e+09,"inference_val_epoch_time":0.298964262008667,"rep0_tmp_testHits@50":46.87560707116493,"rep0_best_epoch":19,"rep0_TrainHits@50":97.49926211905836,"train_epoch_time":19.44067406654358,"rep0_TestHits@50":46.87560707116493,"_wandb":{"runtime":506},"train_total_batches":47,"train_batch_time":0.11661426057206824,"rep0_val_loss":0.11963565319613453,"inference_train_epoch_time":4.074200391769409,"learning_curve":{"path":"media/images/learning_curve_160_37511806e7afae99aa16.png","format":"png","width":800,"height":500,"_type":"image-file","sha256":"37511806e7afae99aa161159b4f1387f411f622a2369c49e9eb2ca434b1560c5","size":26775},"inference_test_epoch_time":0.291363000869751,"_step":160,"rep0_train_loss":0.0001804714895621852,"rep0_epoch_time":24.662646532058716}