{"rep0_loss":0.008770838594540774,"train_total_batches":47,"rep0_epoch_time":26.14814257621765,"_step":128,"_wandb":{"runtime":426},"inference_val_epoch_time":0.2923855781555176,"rep0_tmp_valHits@50":50.0349510685041,"rep0_TrainHits@50":85.41472301476101,"epoch_step":15,"rep0_train_loss":0.008770838594540774,"_runtime":426,"inference_test_epoch_time":0.2881200313568115,"rep0_ValHits@50":51.09513347979495,"rep0_tmp_testHits@50":41.725485117313134,"epoch":15,"train_epoch_time":20.76925539970398,"rep0_best_epoch":14,"inference_train_epoch_time":4.217340707778931,"rep0_val_loss":0.3191116503916547,"rep0_TestHits@50":43.08100757624814,"train_batch_time":0.13136532966126788,"_timestamp":1.7668226858352377e+09}