{"rep0_val_loss":0.15747816380775093,"_runtime":635,"rep0_loss":0.00017620773892861163,"train_total_batches":54,"_wandb":{"runtime":635},"epoch_step":19,"learning_curve":{"width":800,"height":500,"_type":"image-file","sha256":"747fe994ad8a23706a41f2045ad2cc684e24e9c79166a94182d7574e1e29ed6a","size":30445,"path":"media/images/learning_curve_160_747fe994ad8a23706a41.png","format":"png"},"rep0_TrainHits@50":99.39858462561448,"rep0_ValHits@50":58.50309566606751,"_step":160,"epoch":19,"inference_train_epoch_time":6.917384386062622,"train_epoch_time":23.231140851974487,"inference_val_epoch_time":0.3645131587982178,"rep0_best_epoch":19,"inference_test_epoch_time":0.3555002212524414,"train_batch_time":0.07838082755053485,"rep0_train_loss":0.00017620773892861163,"_timestamp":1.7668319823865669e+09,"rep0_tmp_testHits@50":52.84163267068143,"rep0_TestHits@50":52.84163267068143,"rep0_epoch_time":31.43717932701111,"rep0_tmp_valHits@50":58.50309566606751}