{"train_batch_time":0.3089813120821689,"rep0_val_loss":0.563799599093573,"epoch":0,"rep0_train_loss":0.38215164547254954,"_wandb":{"runtime":38},"_timestamp":1.766824991935062e+09,"train_total_batches":47,"_runtime":38,"_step":3,"train_epoch_time":34.30145978927612}