{"inference_test_epoch_time":0.2224280834197998,"_step":160,"inference_train_epoch_time":3.7059478759765625,"train_epoch_time":13.318454504013062,"rep0_ValHits@50":49.936755209373544,"learning_curve":{"_type":"image-file","sha256":"b176b4570b5a9db8616e355e47f23e3f71dd0fc3a2434a08da015084e2b55ec2","size":36300,"path":"media/images/learning_curve_160_b176b4570b5a9db8616e.png","format":"png","width":800,"height":500},"rep0_val_loss":0.13198495594500387,"train_batch_time":0.07620351422916759,"rep0_train_loss":0.00017671266407171487,"inference_val_epoch_time":0.22437262535095215,"rep0_TrainHits@50":79.25129867328893,"train_total_batches":44,"rep0_TestHits@50":45.29560318590947,"rep0_tmp_testHits@50":43.80193831077727,"rep0_epoch_time":17.901366710662842,"_runtime":367,"rep0_best_epoch":18,"epoch_step":19,"rep0_loss":0.00017671266407171487,"_wandb":{"runtime":367},"rep0_tmp_valHits@50":48.600292923240794,"_timestamp":1.766831349588067e+09,"epoch":19}