{"rep0_train_loss":0.013601534360047905,"rep0_ValHits@50":7.882298115970975,"rep0_best_epoch":1,"rep0_TestHits@50":6.904962334606833,"_runtime":57,"_step":16,"rep0_TrainHits@50":5.28229458921235,"epoch_step":1,"rep0_tmp_valHits@50":7.882298115970975,"rep0_tmp_testHits@50":6.904962334606833,"inference_val_epoch_time":0.36283111572265625,"train_total_batches":36,"train_epoch_time":15.31791877746582,"epoch":1,"inference_test_epoch_time":0.35418248176574707,"_timestamp":1.7668114754414566e+09,"inference_train_epoch_time":4.722846508026123,"rep0_val_loss":NaN,"train_batch_time":0.07726704412036473,"_wandb":{"runtime":57},"rep0_epoch_time":21.37826657295227,"rep0_loss":0.013601534360047905}