{"inference_train_epoch_time":4.1578049659729,"_wandb":{"runtime":140},"epoch_step":5,"train_total_batches":47,"rep0_TestHits@50":34.7967795549224,"rep0_ValHits@50":41.53851274881832,"_timestamp":1.7668242774323285e+09,"rep0_TrainHits@50":65.6340856891808,"rep0_loss":0.0729906447595152,"rep0_epoch_time":21.59427046775818,"_step":48,"epoch":5,"_runtime":140,"inference_val_epoch_time":0.27057385444641113,"rep0_tmp_testHits@50":34.7967795549224,"rep0_tmp_valHits@50":41.53851274881832,"rep0_best_epoch":5,"rep0_val_loss":0.31482496208889144,"inference_test_epoch_time":0.2662959098815918,"rep0_train_loss":0.0729906447595152,"train_batch_time":0.07861193697503273,"train_epoch_time":16.3872230052948}