{"rep0_TestHits@50":52.55023851151547,"_wandb":{"runtime":257},"inference_val_epoch_time":0.2506070137023926,"_timestamp":1.7668268740812898e+09,"rep0_tmp_valHits@50":54.119233073696826,"rep0_train_loss":0.016084836753906418,"train_batch_time":0.06067398253907549,"rep0_val_loss":0.5101767743025384,"inference_test_epoch_time":0.24385929107666016,"_runtime":257,"_step":96,"rep0_epoch_time":20.371171712875366,"train_total_batches":47,"rep0_ValHits@50":54.119233073696826,"rep0_tmp_testHits@50":52.55023851151547,"inference_train_epoch_time":3.9986507892608643,"epoch":11,"train_epoch_time":15.385013103485107,"rep0_TrainHits@50":93.8788111126566,"rep0_best_epoch":11,"rep0_loss":0.016084836753906418,"epoch_step":11}