{"inference_train_epoch_time":3.894948959350586,"train_epoch_time":15.575721025466919,"epoch_step":19,"inference_val_epoch_time":0.2491912841796875,"rep0_tmp_valHits@50":56.71726249916783,"rep0_ValHits@50":56.71726249916783,"rep0_TestHits@50":55.57210386582918,"epoch":19,"_wandb":{"runtime":418},"_runtime":418,"rep0_TrainHits@50":96.8644300675458,"_step":160,"rep0_val_loss":0.09997272184056495,"train_total_batches":47,"_timestamp":1.7668294088017929e+09,"rep0_train_loss":0.0008444481029130843,"rep0_epoch_time":20.46083664894104,"learning_curve":{"size":35746,"path":"media/images/learning_curve_160_d1a089c016aee477122b.png","format":"png","width":800,"height":500,"_type":"image-file","sha256":"d1a089c016aee477122b135f2d99f6a650c569208a61cd9bba1eeb15399a32f6"},"inference_test_epoch_time":0.24400949478149414,"rep0_loss":0.0008444481029130843,"rep0_best_epoch":19,"train_batch_time":0.06129661012203135,"rep0_tmp_testHits@50":55.57210386582918}