{"epoch_step":6,"epoch":7,"rep0_loss":0.0038103635800113534,"rep0_epoch_time":20.516128063201904,"inference_val_epoch_time":0.24886655807495117,"rep0_TrainHits@50":99.62766697312756,"rep0_TestHits@50":59.89337132249779,"_wandb":{"runtime":161},"_step":59,"train_total_batches":47,"rep0_train_loss":0.003182273800942845,"inference_test_epoch_time":0.24425172805786133,"inference_train_epoch_time":3.98770809173584,"rep0_tmp_valHits@50":59.376872378669866,"rep0_ValHits@50":60.15245323214167,"rep0_best_epoch":4,"_runtime":161,"train_batch_time":0.061263449648593336,"_timestamp":1.7668286185860875e+09,"rep0_val_loss":0.3250220392106644,"rep0_tmp_testHits@50":58.930691359623566,"train_epoch_time":15.533833980560303}