{"_runtime":424,"epoch":19,"_step":160,"train_epoch_time":15.582814455032349,"rep0_tmp_testHits@50":37.084763323188504,"rep0_ValHits@50":40.75960322215565,"inference_test_epoch_time":0.24417352676391602,"inference_val_epoch_time":0.24864792823791504,"train_total_batches":47,"learning_curve":{"path":"media/images/learning_curve_160_df6030dd053000da10c4.png","format":"png","width":800,"height":500,"_type":"image-file","sha256":"df6030dd053000da10c4b384c9ebe43702425b4725c959598047b48a1acd5cce","size":30237},"inference_train_epoch_time":3.9709925651550293,"rep0_train_loss":0.004601025440054793,"rep0_TestHits@50":37.656759265255026,"epoch_step":19,"rep0_val_loss":0.07130137293155468,"_wandb":{"runtime":424},"rep0_epoch_time":20.547607898712158,"_timestamp":1.7668277520649998e+09,"rep0_loss":0.004601025440054793,"rep0_best_epoch":18,"rep0_TrainHits@50":72.15288214599525,"train_batch_time":0.061425990246711894,"rep0_tmp_valHits@50":39.86086146062179}